epoch,time,train/box_loss,train/cls_loss,train/dfl_loss,metrics/precision(B),metrics/recall(B),metrics/mAP50(B),metrics/mAP50-95(B),val/box_loss,val/cls_loss,val/dfl_loss,lr/pg0,lr/pg1,lr/pg2
1,8.10835,3.41246,6.59454,0.02248,8e-05,0.02183,6e-05,1e-05,3.61605,6.71709,0.03269,0.000325,0.000325,0.000325
2,13.1767,3.06102,5.9201,0.01965,3e-05,0.01626,2e-05,0,3.59132,5.76671,0.03241,0.000657519,0.000657519,0.000657519
3,18.2004,2.68326,5.16814,0.01625,1e-05,0.00407,0,0,3.60398,3.88499,0.03251,0.000989212,0.000989212,0.000989212
4,23.1745,2.43729,4.51588,0.01433,0.21419,0.12011,0.05367,0.01208,2.55016,3.67166,0.02052,0.000996287,0.000996287,0.000996287
5,28.2178,2.3101,3.83488,0.01294,0.28187,0.29751,0.1656,0.04197,2.19312,3.47834,0.01682,0.00099505,0.00099505,0.00099505
6,33.1365,2.17228,3.31285,0.01195,0.49822,0.39167,0.325,0.11964,2.08321,2.39616,0.01568,0.000993812,0.000993812,0.000993812
7,38.2332,2.08773,2.99747,0.01146,0.51873,0.48326,0.416,0.14851,2.08455,2.38204,0.01641,0.000992575,0.000992575,0.000992575
8,43.2961,1.93405,2.65221,0.01041,0.32453,0.5676,0.43963,0.20246,1.83539,2.03443,0.01296,0.000991338,0.000991338,0.000991338
9,48.2751,1.90911,2.43594,0.01009,0.47388,0.66198,0.63901,0.24528,1.89818,1.85219,0.0136,0.0009901,0.0009901,0.0009901
10,53.2835,1.84571,2.25173,0.00952,0.61036,0.65578,0.68788,0.38012,1.47824,1.50553,0.0097,0.000988863,0.000988863,0.000988863
11,58.2616,1.74625,2.05827,0.00904,0.47556,0.62109,0.62956,0.35117,1.38017,1.77642,0.00908,0.000987625,0.000987625,0.000987625
12,63.1864,1.68385,1.9265,0.00863,0.6614,0.76444,0.77425,0.46663,1.43018,1.11509,0.00961,0.000986387,0.000986387,0.000986387
13,68.1643,1.70211,1.79552,0.00851,0.71632,0.78219,0.82473,0.49906,1.38605,1.04543,0.00894,0.00098515,0.00098515,0.00098515
14,73.3342,1.66139,1.73799,0.00859,0.727,0.80189,0.81838,0.51216,1.33347,1.04043,0.00845,0.000983912,0.000983912,0.000983912
15,78.7776,1.60743,1.62373,0.00794,0.70694,0.74535,0.79986,0.48631,1.34324,1.09154,0.00822,0.000982675,0.000982675,0.000982675
16,84.0565,1.56977,1.5772,0.0079,0.72396,0.77231,0.81882,0.51808,1.262,0.99463,0.0076,0.000981437,0.000981437,0.000981437
17,89.1568,1.56683,1.51794,0.00774,0.68011,0.86865,0.86712,0.54696,1.2894,0.93071,0.00837,0.0009802,0.0009802,0.0009802
18,94.2397,1.57726,1.44699,0.00788,0.80525,0.80735,0.87132,0.56517,1.20244,0.87774,0.00732,0.000978963,0.000978963,0.000978963
19,99.2775,1.58531,1.39651,0.00798,0.8151,0.77156,0.88885,0.56598,1.26545,0.85614,0.00806,0.000977725,0.000977725,0.000977725
20,104.263,1.50387,1.33921,0.00738,0.78564,0.86547,0.91197,0.60691,1.23291,0.80118,0.00784,0.000976488,0.000976488,0.000976488
21,109.289,1.46982,1.31974,0.00706,0.81959,0.8363,0.90169,0.60486,1.16593,0.77759,0.00705,0.00097525,0.00097525,0.00097525
22,114.215,1.45437,1.25199,0.00715,0.70896,0.88057,0.89128,0.58011,1.24734,0.83066,0.0077,0.000974013,0.000974013,0.000974013
23,119.146,1.48574,1.23125,0.00721,0.8317,0.8479,0.92049,0.62688,1.14729,0.7044,0.00699,0.000972775,0.000972775,0.000972775
24,124.108,1.4591,1.19713,0.00709,0.81567,0.84299,0.92958,0.6234,1.16052,0.74495,0.00698,0.000971537,0.000971537,0.000971537
25,129.057,1.44541,1.16731,0.00715,0.84166,0.83393,0.91915,0.57839,1.39683,0.7242,0.00909,0.0009703,0.0009703,0.0009703
26,133.987,1.49002,1.18614,0.00716,0.82869,0.83596,0.92747,0.62334,1.18002,0.71596,0.00726,0.000969063,0.000969063,0.000969063
27,138.891,1.39863,1.1177,0.0067,0.82909,0.85132,0.92388,0.63054,1.13631,0.68069,0.00686,0.000967825,0.000967825,0.000967825
28,143.791,1.43138,1.11556,0.00698,0.8197,0.85038,0.92839,0.65037,1.09685,0.69502,0.00649,0.000966588,0.000966588,0.000966588
29,148.72,1.43737,1.12342,0.00686,0.81481,0.89634,0.94796,0.65585,1.09648,0.69818,0.00652,0.00096535,0.00096535,0.00096535
30,153.603,1.3639,1.05094,0.00635,0.92312,0.80896,0.91586,0.64148,1.07307,0.68914,0.00644,0.000964113,0.000964113,0.000964113
31,158.495,1.33735,1.00383,0.00626,0.8469,0.91535,0.94979,0.65042,1.17954,0.59318,0.00736,0.000962875,0.000962875,0.000962875
32,163.33,1.39095,1.02346,0.00669,0.76298,0.87533,0.89919,0.61231,1.13781,0.70873,0.00691,0.000961638,0.000961638,0.000961638
33,168.192,1.35713,1.02067,0.00639,0.91267,0.87376,0.95498,0.66294,1.16582,0.60646,0.00726,0.0009604,0.0009604,0.0009604
34,173.29,1.39906,0.97578,0.00672,0.92694,0.85183,0.95982,0.65874,1.12593,0.57781,0.00672,0.000959163,0.000959163,0.000959163
35,178.209,1.34081,0.94494,0.00633,0.85882,0.81998,0.94975,0.67787,0.9956,0.63575,0.00584,0.000957925,0.000957925,0.000957925
36,183.115,1.35239,0.94717,0.0064,0.88859,0.86539,0.9512,0.65465,1.11413,0.61356,0.00683,0.000956688,0.000956688,0.000956688
37,187.999,1.31877,0.94351,0.00624,0.91329,0.87421,0.9655,0.68162,0.98791,0.58152,0.00592,0.00095545,0.00095545,0.00095545
38,192.887,1.30043,0.90555,0.00597,0.90245,0.87789,0.96109,0.6598,1.13243,0.55572,0.00647,0.000954213,0.000954213,0.000954213
39,197.764,1.33465,0.93288,0.00631,0.87309,0.91241,0.95905,0.69216,1.0304,0.55543,0.00601,0.000952975,0.000952975,0.000952975
40,202.677,1.35485,0.91367,0.00652,0.8927,0.90213,0.96966,0.70037,1.02274,0.49997,0.00587,0.000951738,0.000951738,0.000951738
41,207.679,1.3106,0.91618,0.00617,0.9127,0.83349,0.95054,0.66189,1.06137,0.61396,0.0063,0.0009505,0.0009505,0.0009505
42,212.598,1.35664,0.91462,0.00629,0.91157,0.84011,0.95914,0.67795,1.05612,0.53869,0.00616,0.000949263,0.000949263,0.000949263
43,217.506,1.28975,0.8743,0.00614,0.92885,0.84581,0.96753,0.69809,1.01543,0.58436,0.00585,0.000948025,0.000948025,0.000948025
44,222.325,1.28467,0.84234,0.00607,0.92139,0.83044,0.95257,0.67605,1.102,0.57607,0.00663,0.000946787,0.000946787,0.000946787
45,227.223,1.27941,0.864,0.0059,0.85812,0.88217,0.95222,0.68499,1.03686,0.55423,0.00615,0.00094555,0.00094555,0.00094555
46,232.157,1.28443,0.86107,0.00603,0.9029,0.90539,0.97175,0.69571,1.01582,0.46344,0.00591,0.000944313,0.000944313,0.000944313
47,237.225,1.2663,0.82098,0.00582,0.92798,0.93378,0.9748,0.70898,0.96422,0.4903,0.0056,0.000943075,0.000943075,0.000943075
48,242.201,1.29325,0.81055,0.00608,0.88205,0.91122,0.97214,0.70132,1.00002,0.44732,0.00588,0.000941838,0.000941838,0.000941838
49,247.161,1.28733,0.80772,0.00583,0.91004,0.90647,0.96852,0.6908,1.06137,0.51568,0.00628,0.0009406,0.0009406,0.0009406
50,252.128,1.29178,0.79701,0.00605,0.87819,0.9051,0.97433,0.68957,1.04194,0.49379,0.00618,0.000939362,0.000939362,0.000939362
51,257.045,1.28887,0.82279,0.00606,0.90471,0.89557,0.96471,0.70681,1.00984,0.49762,0.00598,0.000938125,0.000938125,0.000938125
52,261.995,1.21696,0.76785,0.00554,0.89352,0.89147,0.96854,0.71821,0.93138,0.48287,0.00538,0.000936888,0.000936888,0.000936888
53,266.934,1.25876,0.79431,0.00589,0.93572,0.90078,0.97475,0.70906,0.98569,0.42866,0.00586,0.00093565,0.00093565,0.00093565
54,271.843,1.25149,0.77846,0.006,0.92387,0.93248,0.98353,0.72194,0.99596,0.41403,0.00576,0.000934412,0.000934412,0.000934412
55,276.808,1.24333,0.77563,0.00583,0.94297,0.88882,0.97522,0.71224,0.98536,0.445,0.00569,0.000933175,0.000933175,0.000933175
56,281.743,1.23177,0.77836,0.00574,0.93429,0.8886,0.97587,0.71077,0.98123,0.44986,0.00572,0.000931938,0.000931938,0.000931938
57,286.648,1.22173,0.78176,0.00554,0.94079,0.86461,0.96904,0.71452,0.97834,0.47872,0.00594,0.0009307,0.0009307,0.0009307
58,291.58,1.20702,0.74105,0.00564,0.91806,0.93892,0.97829,0.72341,0.97451,0.42199,0.00562,0.000929462,0.000929462,0.000929462
59,296.6,1.23923,0.76534,0.00565,0.91451,0.93846,0.98019,0.69047,1.08766,0.43784,0.0064,0.000928225,0.000928225,0.000928225
60,301.534,1.22641,0.75646,0.00572,0.92621,0.90661,0.97376,0.70724,0.99887,0.45979,0.00583,0.000926987,0.000926987,0.000926987
61,306.473,1.22197,0.73423,0.0058,0.95094,0.90885,0.98617,0.72689,0.96593,0.38487,0.00579,0.00092575,0.00092575,0.00092575
62,311.451,1.21173,0.73722,0.00563,0.86837,0.95234,0.98116,0.71904,0.95838,0.48153,0.00571,0.000924513,0.000924513,0.000924513
63,316.36,1.24055,0.7232,0.00582,0.93738,0.95216,0.98676,0.70773,1.06368,0.38841,0.00624,0.000923275,0.000923275,0.000923275
64,321.291,1.21667,0.71851,0.00565,0.94104,0.88776,0.97706,0.73159,0.93662,0.45334,0.0055,0.000922038,0.000922038,0.000922038
65,326.237,1.23353,0.72096,0.00561,0.94684,0.95011,0.9832,0.72908,0.90828,0.38559,0.00521,0.0009208,0.0009208,0.0009208
66,331.164,1.18896,0.70795,0.00544,0.94814,0.96405,0.98698,0.72808,0.96506,0.35893,0.00571,0.000919562,0.000919562,0.000919562
67,336.074,1.1875,0.71115,0.00539,0.92338,0.961,0.98653,0.72226,0.95556,0.3666,0.00555,0.000918325,0.000918325,0.000918325
68,341.048,1.18318,0.70677,0.00556,0.95774,0.89241,0.98196,0.72217,0.94078,0.39903,0.00548,0.000917088,0.000917088,0.000917088
69,345.954,1.20913,0.71963,0.0056,0.95233,0.94912,0.98757,0.72873,0.94067,0.36904,0.00549,0.00091585,0.00091585,0.00091585
70,350.855,1.18008,0.70068,0.00543,0.94103,0.93616,0.98656,0.73804,0.93577,0.3504,0.00541,0.000914613,0.000914613,0.000914613
71,355.767,1.1984,0.70566,0.00563,0.94245,0.93402,0.98409,0.72365,0.95288,0.3827,0.00553,0.000913375,0.000913375,0.000913375
72,360.669,1.21073,0.70409,0.00551,0.94989,0.94735,0.98533,0.73999,0.90967,0.38613,0.00531,0.000912138,0.000912138,0.000912138
73,365.67,1.19325,0.67235,0.00573,0.90463,0.95281,0.97092,0.71505,0.93947,0.46703,0.00554,0.0009109,0.0009109,0.0009109
74,370.612,1.19652,0.7127,0.00555,0.93038,0.92208,0.98313,0.73781,0.89592,0.35807,0.00519,0.000909662,0.000909662,0.000909662
75,375.565,1.20435,0.68178,0.00554,0.9019,0.96573,0.98337,0.74066,0.92336,0.35762,0.00536,0.000908425,0.000908425,0.000908425
76,380.622,1.2035,0.68195,0.00566,0.96855,0.9692,0.9914,0.72757,0.97049,0.32145,0.00545,0.000907188,0.000907188,0.000907188
77,385.655,1.17094,0.64199,0.00531,0.94893,0.90853,0.98347,0.73352,0.90434,0.36337,0.00508,0.00090595,0.00090595,0.00090595
78,390.657,1.18625,0.67387,0.00544,0.94941,0.90646,0.98065,0.69945,1.0416,0.40647,0.00622,0.000904713,0.000904713,0.000904713
79,395.605,1.1734,0.67556,0.00536,0.96756,0.95438,0.98977,0.74787,0.8874,0.31445,0.00511,0.000903475,0.000903475,0.000903475
80,400.548,1.13747,0.636,0.00532,0.96999,0.96821,0.99125,0.73349,0.90949,0.331,0.00531,0.000902238,0.000902238,0.000902238
81,405.552,1.17536,0.68884,0.00536,0.95923,0.94446,0.99028,0.7225,0.95524,0.33759,0.00557,0.000901,0.000901,0.000901
82,410.445,1.16429,0.67186,0.00545,0.94513,0.97428,0.99135,0.7476,0.89085,0.34106,0.00514,0.000899762,0.000899762,0.000899762
83,415.34,1.16533,0.66091,0.00548,0.96946,0.94494,0.9916,0.74018,0.93227,0.3669,0.00543,0.000898525,0.000898525,0.000898525
84,420.267,1.18393,0.67393,0.00547,0.95834,0.96066,0.99048,0.72944,0.96168,0.35506,0.00564,0.000897288,0.000897288,0.000897288
85,425.174,1.14632,0.6358,0.00532,0.96094,0.94657,0.99042,0.74252,0.87856,0.33584,0.00512,0.00089605,0.00089605,0.00089605
86,430.085,1.16003,0.62847,0.00535,0.96744,0.96681,0.99207,0.74166,0.92295,0.29932,0.0054,0.000894812,0.000894812,0.000894812
87,434.97,1.14468,0.63733,0.00517,0.96787,0.96021,0.99183,0.75323,0.87754,0.30337,0.00506,0.000893575,0.000893575,0.000893575
88,439.95,1.14998,0.62956,0.00516,0.96653,0.95403,0.98996,0.75066,0.86573,0.31664,0.00492,0.000892338,0.000892338,0.000892338
89,444.837,1.17586,0.63884,0.00531,0.97548,0.95815,0.99006,0.75675,0.85727,0.30058,0.00494,0.0008911,0.0008911,0.0008911
90,449.805,1.12397,0.60204,0.00529,0.9473,0.97756,0.98949,0.7467,0.88227,0.30352,0.00503,0.000889863,0.000889863,0.000889863
91,454.709,1.1398,0.62254,0.00504,0.9241,0.9579,0.98797,0.74143,0.90868,0.34847,0.00527,0.000888625,0.000888625,0.000888625
92,459.623,1.17199,0.62077,0.00529,0.94858,0.94905,0.98809,0.75123,0.86305,0.33618,0.00494,0.000887387,0.000887387,0.000887387
93,464.5,1.15498,0.60248,0.00521,0.97337,0.95454,0.9918,0.75156,0.92074,0.31799,0.00524,0.00088615,0.00088615,0.00088615
94,469.393,1.15279,0.60725,0.00522,0.96585,0.97213,0.99147,0.74118,0.8826,0.31158,0.00501,0.000884913,0.000884913,0.000884913
95,474.261,1.12534,0.61954,0.00508,0.91987,0.97111,0.98683,0.73609,0.90122,0.36927,0.00505,0.000883675,0.000883675,0.000883675
96,479.168,1.138,0.60743,0.00511,0.9622,0.94977,0.98958,0.74646,0.86249,0.2961,0.00498,0.000882437,0.000882437,0.000882437
97,484.067,1.1461,0.60571,0.00526,0.94061,0.91494,0.9805,0.75025,0.89353,0.36141,0.00514,0.0008812,0.0008812,0.0008812
98,488.961,1.14037,0.59271,0.00522,0.98646,0.97546,0.99394,0.7582,0.87705,0.29085,0.00503,0.000879963,0.000879963,0.000879963
99,493.969,1.12575,0.60561,0.00518,0.97113,0.95254,0.98992,0.75938,0.87749,0.33323,0.00512,0.000878725,0.000878725,0.000878725
100,498.993,1.11219,0.60602,0.00496,0.9783,0.9731,0.99382,0.75941,0.86063,0.27829,0.00493,0.000877487,0.000877487,0.000877487
101,503.946,1.0923,0.5734,0.00501,0.97596,0.97215,0.99438,0.76413,0.86879,0.28287,0.00501,0.00087625,0.00087625,0.00087625
102,508.838,1.12553,0.60338,0.00504,0.96781,0.93438,0.98964,0.74798,0.88209,0.29659,0.00512,0.000875013,0.000875013,0.000875013
103,513.737,1.12041,0.59248,0.00505,0.94859,0.96171,0.98582,0.74953,0.88935,0.31232,0.00519,0.000873775,0.000873775,0.000873775
104,518.629,1.11495,0.60468,0.00501,0.95658,0.9585,0.98645,0.74366,0.8741,0.32317,0.00516,0.000872538,0.000872538,0.000872538
105,523.52,1.12237,0.59689,0.00513,0.96235,0.95012,0.99157,0.76333,0.84573,0.28158,0.00482,0.0008713,0.0008713,0.0008713
106,528.406,1.11726,0.58488,0.00526,0.97837,0.97729,0.99324,0.76483,0.81875,0.29893,0.00467,0.000870063,0.000870063,0.000870063
107,533.29,1.12794,0.58631,0.00523,0.96303,0.96693,0.98862,0.75452,0.87617,0.3142,0.00505,0.000868825,0.000868825,0.000868825
108,538.171,1.11598,0.59337,0.00509,0.97441,0.95753,0.98932,0.7554,0.88662,0.30042,0.00518,0.000867588,0.000867588,0.000867588
109,543.015,1.13061,0.60736,0.00508,0.96294,0.95289,0.98955,0.74759,0.90284,0.33592,0.00514,0.00086635,0.00086635,0.00086635
110,547.921,1.09793,0.58695,0.00502,0.98016,0.97005,0.99242,0.76606,0.86288,0.27689,0.00491,0.000865113,0.000865113,0.000865113
111,552.824,1.0881,0.58753,0.0049,0.96667,0.98469,0.99359,0.76324,0.84579,0.26779,0.00483,0.000863875,0.000863875,0.000863875
112,557.687,1.12441,0.62842,0.00499,0.95256,0.97055,0.98791,0.75593,0.8756,0.29185,0.00499,0.000862637,0.000862637,0.000862637
113,562.552,1.11519,0.57582,0.00492,0.93478,0.97301,0.99195,0.76217,0.85791,0.28508,0.00491,0.0008614,0.0008614,0.0008614
114,567.425,1.11427,0.57034,0.00499,0.97484,0.96403,0.99136,0.76474,0.83902,0.27723,0.00483,0.000860163,0.000860163,0.000860163
115,572.297,1.09906,0.58049,0.00487,0.96214,0.97363,0.99207,0.76609,0.84305,0.28434,0.00487,0.000858925,0.000858925,0.000858925
116,577.213,1.0954,0.56708,0.00496,0.97787,0.96476,0.9938,0.75687,0.91112,0.27801,0.00519,0.000857687,0.000857687,0.000857687
117,582.108,1.09593,0.56076,0.00495,0.96639,0.97095,0.99224,0.76784,0.85733,0.28232,0.00487,0.00085645,0.00085645,0.00085645
118,587.049,1.11834,0.57534,0.00511,0.94734,0.99318,0.99155,0.76318,0.86655,0.28659,0.00484,0.000855213,0.000855213,0.000855213
119,591.951,1.14229,0.57151,0.00512,0.97217,0.98255,0.99336,0.76632,0.89051,0.27959,0.00507,0.000853975,0.000853975,0.000853975
120,596.849,1.10598,0.57746,0.00494,0.97052,0.97059,0.99127,0.76324,0.88034,0.28724,0.00512,0.000852738,0.000852738,0.000852738
121,601.739,1.09394,0.55457,0.00492,0.97352,0.98113,0.99377,0.76525,0.87209,0.27706,0.00493,0.0008515,0.0008515,0.0008515
122,606.609,1.08506,0.55845,0.00494,0.98615,0.95808,0.99324,0.75522,0.88316,0.29217,0.00505,0.000850263,0.000850263,0.000850263
123,611.624,1.09165,0.55809,0.00491,0.9816,0.96905,0.99353,0.75815,0.87488,0.27518,0.00494,0.000849025,0.000849025,0.000849025
124,616.506,1.07217,0.54839,0.00481,0.96564,0.96795,0.993,0.76812,0.83973,0.27515,0.00484,0.000847787,0.000847787,0.000847787
125,621.436,1.09538,0.56726,0.00486,0.96429,0.97885,0.99307,0.76973,0.82191,0.27788,0.00463,0.00084655,0.00084655,0.00084655
126,626.369,1.12625,0.57834,0.00504,0.97251,0.99058,0.99337,0.75511,0.86098,0.27259,0.00495,0.000845313,0.000845313,0.000845313
127,631.261,1.06247,0.53261,0.00475,0.96753,0.98393,0.99125,0.76215,0.85186,0.27627,0.00486,0.000844075,0.000844075,0.000844075
128,636.181,1.09446,0.56692,0.00483,0.9882,0.98052,0.99413,0.77537,0.84097,0.24472,0.00479,0.000842837,0.000842837,0.000842837
129,641.148,1.06872,0.54567,0.0048,0.98932,0.96828,0.994,0.76391,0.84139,0.25264,0.00471,0.0008416,0.0008416,0.0008416
130,646.076,1.10267,0.55944,0.00493,0.97158,0.9708,0.9901,0.76684,0.82655,0.28762,0.00477,0.000840363,0.000840363,0.000840363
131,650.995,1.08242,0.54472,0.0049,0.97504,0.97304,0.99336,0.75703,0.86641,0.27276,0.00494,0.000839125,0.000839125,0.000839125
132,655.878,1.08738,0.53496,0.00486,0.96271,0.97587,0.99341,0.77817,0.81412,0.27797,0.00464,0.000837887,0.000837887,0.000837887
133,660.819,1.06771,0.55652,0.00483,0.96082,0.96119,0.99026,0.75595,0.88693,0.30786,0.00509,0.00083665,0.00083665,0.00083665
134,665.687,1.0922,0.54657,0.00504,0.9616,0.95433,0.98809,0.76677,0.8487,0.32467,0.00486,0.000835413,0.000835413,0.000835413
135,670.541,1.09112,0.56741,0.0049,0.9595,0.95237,0.98514,0.75983,0.83407,0.31264,0.00481,0.000834175,0.000834175,0.000834175
136,675.43,1.08196,0.54653,0.00486,0.97576,0.97424,0.99388,0.76639,0.85702,0.27457,0.0049,0.000832938,0.000832938,0.000832938
137,680.457,1.09471,0.56408,0.00493,0.98443,0.97704,0.99388,0.76058,0.87034,0.27102,0.00496,0.0008317,0.0008317,0.0008317
138,685.458,1.07077,0.5511,0.00479,0.95067,0.97836,0.99208,0.76935,0.82014,0.28687,0.00468,0.000830462,0.000830462,0.000830462
139,690.494,1.05984,0.52594,0.00474,0.94483,0.99013,0.99248,0.76259,0.84487,0.27525,0.00475,0.000829225,0.000829225,0.000829225
140,695.477,1.0949,0.5664,0.00476,0.99108,0.95173,0.9933,0.76696,0.84081,0.2678,0.00489,0.000827988,0.000827988,0.000827988
141,700.47,1.07622,0.54184,0.00489,0.98492,0.97243,0.99415,0.77844,0.81021,0.26039,0.00457,0.00082675,0.00082675,0.00082675
142,705.475,1.04456,0.52123,0.00464,0.97411,0.9728,0.99337,0.77243,0.84844,0.26344,0.00485,0.000825512,0.000825512,0.000825512
143,710.444,1.1132,0.53421,0.005,0.96283,0.97354,0.99315,0.76118,0.8395,0.26887,0.00478,0.000824275,0.000824275,0.000824275
144,715.407,1.08811,0.5438,0.00493,0.97091,0.96775,0.99229,0.756,0.86569,0.27481,0.00497,0.000823038,0.000823038,0.000823038
145,720.38,1.04206,0.50555,0.00464,0.98003,0.98836,0.99429,0.78046,0.8256,0.24512,0.00469,0.0008218,0.0008218,0.0008218
146,725.287,1.07223,0.53039,0.00484,0.99224,0.97967,0.99424,0.76698,0.82839,0.26679,0.00469,0.000820563,0.000820563,0.000820563
147,730.144,1.05348,0.54294,0.00466,0.98803,0.98156,0.99432,0.76869,0.83059,0.24899,0.0047,0.000819325,0.000819325,0.000819325
148,734.989,1.06759,0.5518,0.0049,0.95354,0.97862,0.98684,0.76004,0.85286,0.29165,0.00481,0.000818088,0.000818088,0.000818088
149,739.848,1.06599,0.5468,0.00459,0.95926,0.98151,0.99285,0.76746,0.84998,0.29152,0.00488,0.00081685,0.00081685,0.00081685
150,744.728,1.05457,0.53899,0.00475,0.97494,0.99105,0.99403,0.7737,0.82703,0.23797,0.00468,0.000815613,0.000815613,0.000815613
151,749.56,1.03766,0.51817,0.00463,0.97426,0.99454,0.99391,0.78023,0.81655,0.23731,0.00457,0.000814375,0.000814375,0.000814375
152,754.411,1.05593,0.51468,0.00472,0.97115,0.99175,0.99396,0.77486,0.83214,0.26181,0.00469,0.000813138,0.000813138,0.000813138
153,759.318,1.05238,0.54285,0.00472,0.99008,0.97451,0.99393,0.76811,0.83039,0.24933,0.00465,0.0008119,0.0008119,0.0008119
154,764.195,1.07717,0.53612,0.00488,0.98793,0.96184,0.99329,0.76304,0.82748,0.27557,0.00467,0.000810662,0.000810662,0.000810662
155,769.027,1.07129,0.52335,0.00484,0.96633,0.98036,0.99158,0.75596,0.90341,0.29178,0.0051,0.000809425,0.000809425,0.000809425
156,773.908,1.04482,0.50681,0.0046,0.97034,0.98406,0.99385,0.75751,0.8685,0.26495,0.00478,0.000808188,0.000808188,0.000808188
157,778.749,1.03841,0.5134,0.00465,0.9713,0.98646,0.99327,0.77412,0.8359,0.26951,0.00481,0.00080695,0.00080695,0.00080695
158,783.621,1.04509,0.51739,0.00467,0.98711,0.97092,0.99386,0.77103,0.82549,0.26369,0.00461,0.000805712,0.000805712,0.000805712
159,788.456,1.03301,0.50997,0.00459,0.95045,0.93243,0.98582,0.76268,0.85001,0.33951,0.00479,0.000804475,0.000804475,0.000804475
160,793.326,1.06301,0.51691,0.0048,0.97809,0.9751,0.99395,0.77545,0.81495,0.27912,0.00461,0.000803238,0.000803238,0.000803238
161,798.22,1.0652,0.54865,0.00469,0.95544,0.98713,0.99263,0.76127,0.86953,0.2845,0.00509,0.000802,0.000802,0.000802
162,803.092,1.04569,0.54073,0.00479,0.98846,0.95574,0.99364,0.77732,0.81751,0.27518,0.00454,0.000800762,0.000800762,0.000800762
163,807.953,1.03334,0.53041,0.00465,0.97238,0.97054,0.99358,0.76932,0.82554,0.28117,0.00462,0.000799525,0.000799525,0.000799525
164,812.803,1.03397,0.52373,0.00454,0.98328,0.9813,0.99355,0.76544,0.8553,0.27418,0.00476,0.000798288,0.000798288,0.000798288
165,817.783,1.03264,0.52953,0.00462,0.95181,0.96713,0.98812,0.76209,0.83588,0.3599,0.00476,0.00079705,0.00079705,0.00079705
166,822.778,1.06612,0.50724,0.00482,0.97535,0.9763,0.99355,0.77007,0.82743,0.26218,0.00475,0.000795812,0.000795812,0.000795812
167,827.733,1.04962,0.52813,0.00469,0.98826,0.95678,0.99238,0.76568,0.83302,0.27645,0.00467,0.000794575,0.000794575,0.000794575
168,832.711,1.0205,0.50295,0.00458,0.97643,0.98449,0.99357,0.76106,0.865,0.25974,0.00488,0.000793338,0.000793338,0.000793338
169,837.649,1.03592,0.48702,0.00472,0.96459,0.9845,0.99283,0.76966,0.8318,0.26894,0.00457,0.0007921,0.0007921,0.0007921
170,842.578,1.05445,0.52456,0.00479,0.98167,0.95851,0.99125,0.75644,0.88109,0.30746,0.0051,0.000790863,0.000790863,0.000790863
171,847.539,1.02791,0.51003,0.00458,0.98405,0.97261,0.99371,0.78149,0.7902,0.25457,0.00441,0.000789625,0.000789625,0.000789625
172,852.497,1.0448,0.53225,0.00465,0.94524,0.98757,0.9918,0.77281,0.79683,0.25561,0.00445,0.000788388,0.000788388,0.000788388
173,857.472,1.03032,0.5143,0.00461,0.97431,0.98945,0.99453,0.76745,0.88257,0.25854,0.00493,0.00078715,0.00078715,0.00078715
174,862.389,1.04266,0.51369,0.0046,0.96343,0.97805,0.99348,0.77811,0.81576,0.25785,0.00455,0.000785912,0.000785912,0.000785912
175,867.37,1.02603,0.49625,0.00447,0.96434,0.9709,0.99258,0.77808,0.81702,0.27194,0.00456,0.000784675,0.000784675,0.000784675
176,872.269,1.04296,0.5088,0.00466,0.98059,0.97079,0.99448,0.77399,0.81996,0.24156,0.00459,0.000783438,0.000783438,0.000783438
177,877.192,1.01058,0.49718,0.00442,0.97926,0.97971,0.99346,0.7789,0.81438,0.25217,0.00455,0.0007822,0.0007822,0.0007822
178,882.124,1.03062,0.49967,0.00464,0.97374,0.96727,0.99379,0.77606,0.81475,0.2506,0.00455,0.000780963,0.000780963,0.000780963
179,887.044,1.03717,0.51058,0.00463,0.978,0.98415,0.99409,0.78627,0.81823,0.24379,0.00455,0.000779725,0.000779725,0.000779725
180,892.007,0.99353,0.49764,0.00453,0.98157,0.96423,0.99367,0.78651,0.81203,0.25387,0.00456,0.000778487,0.000778487,0.000778487
181,896.931,1.02054,0.49192,0.00458,0.97603,0.97802,0.99315,0.78072,0.80844,0.24367,0.00455,0.00077725,0.00077725,0.00077725
182,901.841,1.0288,0.4927,0.00456,0.97154,0.999,0.99409,0.78918,0.78712,0.23148,0.00442,0.000776013,0.000776013,0.000776013
183,906.799,1.04748,0.48484,0.00453,0.97376,0.96848,0.99281,0.78407,0.7834,0.24035,0.00445,0.000774775,0.000774775,0.000774775
184,911.725,1.00369,0.48119,0.00454,0.97129,0.99328,0.99367,0.76566,0.82637,0.24791,0.0047,0.000773537,0.000773537,0.000773537
185,916.683,1.0182,0.5021,0.00469,0.98661,0.96775,0.99384,0.77211,0.82023,0.23314,0.00457,0.0007723,0.0007723,0.0007723
186,921.716,0.99181,0.49919,0.00441,0.98136,0.97562,0.99348,0.77891,0.81808,0.25735,0.00455,0.000771063,0.000771063,0.000771063
187,926.671,1.02504,0.49043,0.00453,0.98454,0.9612,0.99329,0.78488,0.79191,0.24152,0.00452,0.000769825,0.000769825,0.000769825
188,931.628,1.00866,0.48945,0.0044,0.99121,0.9771,0.9936,0.77581,0.83569,0.25077,0.00474,0.000768587,0.000768587,0.000768587
189,936.537,1.02694,0.50075,0.00458,0.97951,0.99169,0.99458,0.78071,0.79451,0.22891,0.00452,0.00076735,0.00076735,0.00076735
190,941.415,1.01211,0.48429,0.00463,0.9886,0.95959,0.9936,0.78394,0.81825,0.26478,0.00459,0.000766113,0.000766113,0.000766113
191,946.27,1.00375,0.49123,0.00429,0.95735,0.97149,0.992,0.77825,0.79518,0.28077,0.00441,0.000764875,0.000764875,0.000764875
192,951.176,1.00961,0.50143,0.00458,0.97991,0.993,0.99489,0.7833,0.82686,0.23865,0.00463,0.000763638,0.000763638,0.000763638
193,956.021,0.99143,0.48531,0.00436,0.98068,0.97454,0.99407,0.78026,0.80551,0.26067,0.00447,0.0007624,0.0007624,0.0007624
194,960.91,0.96973,0.47686,0.00432,0.9737,0.97424,0.99281,0.77611,0.79466,0.25332,0.00443,0.000761163,0.000761163,0.000761163
195,965.791,0.98341,0.48243,0.00428,0.98849,0.96685,0.99396,0.77013,0.83516,0.26548,0.00462,0.000759925,0.000759925,0.000759925
196,970.75,0.9821,0.47724,0.00432,0.97105,0.94403,0.98907,0.7671,0.83577,0.27805,0.00467,0.000758687,0.000758687,0.000758687
197,975.752,0.99523,0.48558,0.0044,0.99717,0.96128,0.99323,0.77801,0.82822,0.24516,0.0047,0.00075745,0.00075745,0.00075745
198,980.751,1.01124,0.50028,0.00456,0.97401,0.98556,0.99397,0.7861,0.80428,0.25383,0.00449,0.000756213,0.000756213,0.000756213
199,985.712,1.00213,0.49333,0.00455,0.94278,0.98461,0.99234,0.78261,0.80847,0.26657,0.00448,0.000754975,0.000754975,0.000754975
200,990.704,0.98016,0.47842,0.0043,0.95652,0.97357,0.99164,0.7712,0.78785,0.24405,0.00439,0.000753737,0.000753737,0.000753737
201,995.705,0.98746,0.46347,0.00441,0.9612,0.98715,0.99358,0.77799,0.80444,0.26349,0.00451,0.0007525,0.0007525,0.0007525
202,1000.67,1.00941,0.48973,0.00462,0.99014,0.97945,0.99336,0.77525,0.79033,0.23625,0.00446,0.000751263,0.000751263,0.000751263
203,1005.63,1.01901,0.50078,0.00457,0.9434,0.97799,0.99159,0.77601,0.78969,0.28582,0.00451,0.000750025,0.000750025,0.000750025
204,1010.55,1.00594,0.47203,0.00445,0.98697,0.98859,0.99448,0.77984,0.79785,0.23573,0.00445,0.000748788,0.000748788,0.000748788
205,1015.48,1.00095,0.48492,0.00446,0.98169,0.9825,0.99388,0.78266,0.82825,0.23909,0.00467,0.00074755,0.00074755,0.00074755
206,1020.31,0.97924,0.47087,0.00425,0.98747,0.97037,0.99366,0.77924,0.80246,0.25033,0.00452,0.000746313,0.000746313,0.000746313
207,1025.11,0.99563,0.45179,0.00443,0.97322,0.98205,0.99437,0.78828,0.77297,0.23202,0.00441,0.000745075,0.000745075,0.000745075
208,1029.93,1.003,0.48534,0.00442,0.98669,0.96953,0.9941,0.7834,0.78259,0.24112,0.00437,0.000743837,0.000743837,0.000743837
209,1034.8,0.991,0.49041,0.00441,0.98553,0.96541,0.99406,0.78153,0.79918,0.24953,0.00455,0.0007426,0.0007426,0.0007426
210,1039.7,1.00737,0.4958,0.00455,0.95299,0.98556,0.99137,0.77805,0.78941,0.25316,0.00438,0.000741363,0.000741363,0.000741363
211,1044.61,0.99508,0.4807,0.00457,0.93871,0.97892,0.99111,0.7845,0.79528,0.25656,0.0045,0.000740125,0.000740125,0.000740125
212,1049.53,0.9955,0.483,0.00445,0.97957,0.98762,0.99411,0.78022,0.80378,0.24221,0.00451,0.000738888,0.000738888,0.000738888
213,1054.39,1.00278,0.47635,0.00445,0.96821,0.99281,0.99215,0.78147,0.78159,0.26433,0.00437,0.00073765,0.00073765,0.00073765
214,1059.27,0.9776,0.48018,0.00431,0.9649,0.98823,0.99336,0.78213,0.7782,0.23291,0.00444,0.000736413,0.000736413,0.000736413
215,1064.17,0.98112,0.48357,0.00439,0.97516,0.97469,0.99228,0.75634,0.87693,0.29321,0.005,0.000735175,0.000735175,0.000735175
216,1069.03,1.00048,0.47438,0.00444,0.97905,0.98015,0.99379,0.77372,0.82323,0.24446,0.00467,0.000733937,0.000733937,0.000733937
217,1073.88,0.97568,0.47341,0.00432,0.97653,0.97751,0.99396,0.78819,0.80326,0.2476,0.00442,0.0007327,0.0007327,0.0007327
218,1078.75,0.97818,0.46861,0.00428,0.9726,0.98142,0.99253,0.77922,0.77654,0.23734,0.00435,0.000731463,0.000731463,0.000731463
219,1083.63,0.96416,0.46364,0.00418,0.96182,0.98648,0.99238,0.7826,0.7922,0.25142,0.00438,0.000730225,0.000730225,0.000730225
220,1088.58,0.9906,0.47623,0.00452,0.97693,0.98916,0.99333,0.77672,0.81128,0.23397,0.00454,0.000728988,0.000728988,0.000728988
221,1093.66,0.97871,0.45759,0.00431,0.99356,0.97277,0.99339,0.79206,0.77547,0.2243,0.0043,0.00072775,0.00072775,0.00072775
222,1098.6,0.97649,0.4762,0.00424,0.95427,0.98177,0.99301,0.78793,0.79764,0.25425,0.00442,0.000726512,0.000726512,0.000726512
223,1103.49,0.99765,0.48162,0.0043,0.98084,0.98517,0.99311,0.78737,0.78354,0.23736,0.00434,0.000725275,0.000725275,0.000725275
224,1108.43,0.97829,0.49193,0.00428,0.98711,0.98271,0.99404,0.7824,0.81277,0.24735,0.00456,0.000724038,0.000724038,0.000724038
225,1113.34,0.96942,0.4709,0.00432,0.97757,0.99137,0.99465,0.78257,0.79291,0.23962,0.00442,0.0007228,0.0007228,0.0007228
226,1118.33,0.97073,0.47352,0.00423,0.98241,0.99205,0.99374,0.77808,0.83623,0.24808,0.0047,0.000721562,0.000721562,0.000721562
227,1123.31,0.9726,0.46184,0.00432,0.97995,0.98309,0.99464,0.78442,0.79757,0.23975,0.00441,0.000720325,0.000720325,0.000720325
228,1128.31,0.99865,0.46016,0.00451,0.96185,0.97551,0.99149,0.78076,0.81854,0.25086,0.00455,0.000719088,0.000719088,0.000719088
229,1133.32,0.96881,0.45776,0.00434,0.95453,0.98285,0.99115,0.77731,0.80088,0.26713,0.00444,0.00071785,0.00071785,0.00071785
230,1138.24,0.9587,0.45885,0.00422,0.98003,0.96422,0.99288,0.78844,0.77116,0.24202,0.00433,0.000716612,0.000716612,0.000716612
231,1143.2,0.95199,0.46462,0.00413,0.99312,0.98143,0.99462,0.77785,0.81897,0.22933,0.00459,0.000715375,0.000715375,0.000715375
232,1148.1,0.96106,0.46926,0.00427,0.98454,0.9739,0.99312,0.785,0.77965,0.22341,0.00437,0.000714137,0.000714137,0.000714137
233,1153.03,0.97433,0.46865,0.00434,0.98546,0.9894,0.99487,0.78513,0.81661,0.22829,0.00456,0.0007129,0.0007129,0.0007129
234,1157.92,0.96206,0.45483,0.00427,0.97787,0.99078,0.99498,0.78728,0.77154,0.22903,0.00429,0.000711663,0.000711663,0.000711663
235,1162.85,0.96627,0.47661,0.00423,0.9903,0.97021,0.994,0.79446,0.7888,0.22737,0.0044,0.000710425,0.000710425,0.000710425
236,1167.77,0.95676,0.45474,0.00418,0.97868,0.99259,0.99447,0.79095,0.78646,0.22856,0.00431,0.000709188,0.000709188,0.000709188
237,1172.67,0.95867,0.45609,0.00416,0.99367,0.98289,0.99453,0.78469,0.80823,0.23218,0.00453,0.00070795,0.00070795,0.00070795
238,1177.57,0.96922,0.4613,0.00431,0.97792,0.99315,0.99418,0.78856,0.78111,0.22872,0.00435,0.000706713,0.000706713,0.000706713
239,1182.5,0.97224,0.47105,0.00434,0.97415,0.99223,0.99429,0.78761,0.78761,0.24,0.00439,0.000705475,0.000705475,0.000705475
240,1187.42,0.95665,0.45099,0.00423,0.9793,0.98244,0.99275,0.79043,0.76825,0.23531,0.00427,0.000704237,0.000704237,0.000704237
241,1192.45,0.94566,0.45007,0.00415,0.97436,0.98736,0.99393,0.78284,0.80381,0.23323,0.00447,0.000703,0.000703,0.000703
242,1197.43,0.95758,0.46329,0.00423,0.97955,0.99741,0.99464,0.78667,0.79149,0.23158,0.00442,0.000701762,0.000701762,0.000701762
243,1202.37,0.95219,0.45384,0.00429,0.98548,0.98364,0.99471,0.79156,0.7747,0.22074,0.00431,0.000700525,0.000700525,0.000700525
244,1207.34,0.9397,0.44497,0.0042,0.97561,0.99676,0.99469,0.78471,0.82438,0.24266,0.00463,0.000699288,0.000699288,0.000699288
245,1212.31,0.95389,0.44601,0.00416,0.97691,0.99725,0.99452,0.78413,0.80233,0.23048,0.00446,0.00069805,0.00069805,0.00069805
246,1217.25,0.95189,0.44066,0.00426,0.9832,0.98724,0.99415,0.78957,0.77534,0.22977,0.00432,0.000696812,0.000696812,0.000696812
247,1222.29,0.95255,0.45773,0.00415,0.95632,0.96405,0.9902,0.78132,0.78573,0.28222,0.0043,0.000695575,0.000695575,0.000695575
248,1227.34,0.96261,0.45358,0.0043,0.98736,0.97373,0.99396,0.77212,0.82121,0.24989,0.00454,0.000694337,0.000694337,0.000694337
249,1232.25,0.96659,0.44513,0.00431,0.99167,0.99459,0.99492,0.78206,0.79375,0.21707,0.00443,0.0006931,0.0006931,0.0006931
250,1237.14,0.95972,0.44651,0.00417,0.99221,0.99367,0.995,0.78769,0.78128,0.20901,0.00441,0.000691862,0.000691862,0.000691862
251,1242.15,0.94807,0.43336,0.0041,0.98194,0.99223,0.99441,0.79496,0.77328,0.22215,0.00429,0.000690625,0.000690625,0.000690625
252,1247.21,0.95141,0.44619,0.0042,0.99295,0.99307,0.995,0.79406,0.77517,0.20452,0.00428,0.000689388,0.000689388,0.000689388
253,1252.2,0.95287,0.44373,0.00404,0.99091,0.98554,0.99496,0.78799,0.80116,0.21745,0.00443,0.00068815,0.00068815,0.00068815
254,1257.18,0.9605,0.46794,0.00423,0.99743,0.96863,0.99324,0.7913,0.787,0.21762,0.00435,0.000686913,0.000686913,0.000686913
255,1262.16,0.94991,0.46114,0.00422,0.97831,0.99192,0.9936,0.77869,0.80038,0.22548,0.00445,0.000685675,0.000685675,0.000685675
256,1267.11,0.95845,0.45041,0.00419,0.98808,0.99237,0.99488,0.78657,0.79199,0.22507,0.00439,0.000684438,0.000684438,0.000684438
257,1272.07,0.9726,0.46059,0.00428,0.97671,0.99293,0.99423,0.78059,0.79231,0.21833,0.00442,0.0006832,0.0006832,0.0006832
258,1277.03,0.94941,0.43765,0.00417,0.99785,0.98005,0.99474,0.78993,0.77594,0.21588,0.00432,0.000681962,0.000681962,0.000681962
259,1281.99,0.93141,0.42922,0.00411,0.99017,0.98843,0.99411,0.7874,0.7752,0.22558,0.00436,0.000680725,0.000680725,0.000680725
260,1286.94,0.94529,0.44624,0.00413,0.98428,0.99283,0.99356,0.77971,0.79683,0.23407,0.00442,0.000679488,0.000679488,0.000679488
261,1291.9,0.9156,0.43474,0.00405,0.98545,0.98607,0.99477,0.78613,0.77883,0.22008,0.00437,0.00067825,0.00067825,0.00067825
262,1296.84,0.93311,0.43247,0.00401,0.97896,0.98884,0.99489,0.79084,0.76977,0.2358,0.00428,0.000677013,0.000677013,0.000677013
263,1301.83,0.94936,0.43304,0.00436,0.97309,0.97712,0.99372,0.78261,0.77921,0.24357,0.00436,0.000675775,0.000675775,0.000675775
264,1306.85,0.94565,0.44046,0.00417,0.97293,0.98864,0.9941,0.78554,0.78276,0.23591,0.00446,0.000674538,0.000674538,0.000674538
265,1311.91,0.93086,0.44238,0.00419,0.97331,0.99076,0.99405,0.78238,0.78706,0.22174,0.00442,0.0006733,0.0006733,0.0006733
266,1316.9,0.93683,0.42428,0.00411,0.98585,0.97874,0.9935,0.78474,0.78294,0.22649,0.0044,0.000672063,0.000672063,0.000672063
267,1321.89,0.93999,0.44806,0.00404,0.99251,0.97985,0.99473,0.77384,0.78203,0.22053,0.00437,0.000670825,0.000670825,0.000670825
268,1326.9,0.92742,0.42869,0.00421,0.98589,0.98151,0.99431,0.78889,0.77792,0.22281,0.0043,0.000669587,0.000669587,0.000669587
269,1331.9,0.93659,0.43942,0.00412,0.98471,0.98385,0.99447,0.78731,0.78182,0.2259,0.0043,0.00066835,0.00066835,0.00066835
270,1336.93,0.92784,0.43105,0.00412,0.97381,0.99795,0.99437,0.7813,0.80077,0.22848,0.00443,0.000667113,0.000667113,0.000667113
271,1341.94,0.93902,0.43307,0.00414,0.99575,0.97728,0.99433,0.78329,0.78207,0.22775,0.0043,0.000665875,0.000665875,0.000665875
272,1346.92,0.96383,0.44965,0.00432,0.98897,0.98496,0.99456,0.78371,0.79339,0.23012,0.00437,0.000664637,0.000664637,0.000664637
273,1351.91,0.93893,0.44257,0.00412,0.99023,0.98466,0.99439,0.78589,0.78296,0.21703,0.00436,0.0006634,0.0006634,0.0006634
274,1356.88,0.92943,0.42867,0.00402,0.97063,0.998,0.99389,0.77878,0.81027,0.21728,0.00448,0.000662162,0.000662162,0.000662162
275,1361.79,0.92975,0.42328,0.00416,0.99711,0.99225,0.99497,0.78712,0.80389,0.21839,0.00447,0.000660925,0.000660925,0.000660925
276,1366.74,0.92267,0.43214,0.00408,0.98892,0.99533,0.99455,0.7902,0.77647,0.23978,0.00433,0.000659688,0.000659688,0.000659688
277,1371.71,0.91416,0.42347,0.00401,0.98267,0.98807,0.99456,0.78719,0.7907,0.22371,0.00442,0.00065845,0.00065845,0.00065845
278,1376.61,0.90176,0.43164,0.00395,0.97719,0.99577,0.99358,0.79195,0.78059,0.23128,0.00439,0.000657213,0.000657213,0.000657213
279,1381.52,0.92608,0.43663,0.00406,0.98522,0.98636,0.99481,0.78224,0.80944,0.23358,0.00453,0.000655975,0.000655975,0.000655975
280,1386.44,0.92058,0.43314,0.0041,0.98725,0.995,0.99472,0.78634,0.79055,0.22539,0.00444,0.000654738,0.000654738,0.000654738
281,1391.41,0.90491,0.42173,0.00392,0.98378,0.99654,0.99472,0.78211,0.78981,0.21989,0.00447,0.0006535,0.0006535,0.0006535
282,1396.33,0.91186,0.42714,0.00411,0.98433,0.99309,0.99493,0.78722,0.79433,0.2186,0.00447,0.000652262,0.000652262,0.000652262
283,1401.25,0.92189,0.44426,0.00405,0.98818,0.98916,0.99496,0.79335,0.77643,0.22085,0.00434,0.000651025,0.000651025,0.000651025
284,1406.16,0.90256,0.42726,0.00405,0.97998,0.99186,0.99376,0.77834,0.82734,0.24133,0.00459,0.000649787,0.000649787,0.000649787
285,1411.05,0.93074,0.43133,0.00411,0.98792,0.99685,0.99468,0.78667,0.77256,0.21399,0.00436,0.00064855,0.00064855,0.00064855
286,1415.97,0.90518,0.42654,0.00405,0.9905,0.99549,0.995,0.78938,0.78003,0.21451,0.00434,0.000647313,0.000647313,0.000647313
287,1420.89,0.92393,0.4525,0.00395,0.9887,0.98619,0.994,0.78816,0.76274,0.22925,0.00427,0.000646075,0.000646075,0.000646075
288,1425.85,0.9247,0.42532,0.00415,0.99677,0.99354,0.995,0.7921,0.79199,0.21214,0.00444,0.000644837,0.000644837,0.000644837
289,1430.81,0.90751,0.42073,0.00392,0.98835,0.99557,0.99496,0.79229,0.77965,0.21108,0.00436,0.0006436,0.0006436,0.0006436
290,1435.77,0.93239,0.43584,0.0042,0.99129,0.98024,0.99386,0.77924,0.79387,0.23006,0.00445,0.000642363,0.000642363,0.000642363
291,1440.72,0.93605,0.43341,0.00415,0.99256,0.98122,0.99476,0.78246,0.77663,0.22515,0.00436,0.000641125,0.000641125,0.000641125
292,1445.67,0.93811,0.45114,0.00413,0.98374,0.96742,0.99315,0.77901,0.78552,0.24014,0.00442,0.000639887,0.000639887,0.000639887
293,1450.63,0.91801,0.44353,0.00394,0.98718,0.98418,0.99392,0.77483,0.8056,0.24058,0.00452,0.00063865,0.00063865,0.00063865
294,1455.56,0.92133,0.42511,0.00396,0.98424,0.98376,0.99384,0.7829,0.78981,0.23972,0.00442,0.000637413,0.000637413,0.000637413
295,1460.48,0.90398,0.41924,0.00399,0.98678,0.99274,0.99496,0.79089,0.76511,0.22069,0.00427,0.000636175,0.000636175,0.000636175
296,1465.4,0.90711,0.41733,0.00417,0.99158,0.99938,0.995,0.78824,0.76518,0.20552,0.00428,0.000634937,0.000634937,0.000634937
297,1470.35,0.90999,0.41405,0.00406,0.98489,0.98881,0.9945,0.7826,0.77951,0.22844,0.00436,0.0006337,0.0006337,0.0006337
298,1475.29,0.92638,0.42967,0.00404,0.98206,1,0.99444,0.78616,0.78337,0.21943,0.00436,0.000632462,0.000632462,0.000632462
299,1480.23,0.87761,0.39224,0.00383,0.99184,0.9956,0.995,0.78802,0.77796,0.22231,0.00434,0.000631225,0.000631225,0.000631225
300,1485.28,0.889,0.40498,0.00395,0.99599,0.99752,0.995,0.78837,0.77062,0.21138,0.00434,0.000629987,0.000629987,0.000629987
301,1490.24,0.90695,0.41727,0.00402,0.99558,0.99134,0.995,0.79376,0.75643,0.2108,0.00421,0.00062875,0.00062875,0.00062875
302,1495.21,0.90097,0.42972,0.00406,0.978,0.9938,0.9947,0.7892,0.76706,0.21909,0.00424,0.000627513,0.000627513,0.000627513
303,1500.16,0.88273,0.40448,0.00388,0.99133,0.99652,0.995,0.79075,0.80632,0.2124,0.00446,0.000626275,0.000626275,0.000626275
304,1505.16,0.9105,0.42651,0.00402,0.9784,0.99681,0.99486,0.79342,0.75768,0.21316,0.00422,0.000625038,0.000625038,0.000625038
305,1510.07,0.91019,0.42918,0.00402,0.98969,0.99279,0.99488,0.7937,0.7695,0.23198,0.00428,0.0006238,0.0006238,0.0006238
306,1515.06,0.89604,0.4156,0.00393,0.99081,0.99303,0.995,0.78872,0.77027,0.22391,0.00426,0.000622563,0.000622563,0.000622563
307,1520,0.89724,0.43776,0.00408,0.98163,0.98761,0.99394,0.79641,0.77311,0.22049,0.00425,0.000621325,0.000621325,0.000621325
308,1524.99,0.89379,0.41507,0.00382,0.98297,0.99532,0.99482,0.78827,0.76928,0.21959,0.00431,0.000620088,0.000620088,0.000620088
309,1529.96,0.87896,0.40868,0.00382,0.99262,0.99324,0.995,0.79514,0.77133,0.21163,0.00431,0.00061885,0.00061885,0.00061885
310,1534.93,0.88258,0.401,0.004,0.98999,0.98463,0.99484,0.79043,0.77801,0.21705,0.00432,0.000617612,0.000617612,0.000617612
311,1539.85,0.88779,0.41729,0.00386,0.99459,0.99417,0.99498,0.79258,0.76342,0.20754,0.00426,0.000616375,0.000616375,0.000616375
312,1544.84,0.89915,0.41529,0.00408,0.98585,0.99603,0.99496,0.79345,0.75739,0.20987,0.00422,0.000615138,0.000615138,0.000615138
313,1549.79,0.88975,0.40483,0.00394,0.99293,0.98433,0.9945,0.79114,0.76229,0.21832,0.00423,0.0006139,0.0006139,0.0006139
314,1554.73,0.86621,0.40085,0.00384,0.9742,0.99376,0.99489,0.7927,0.78027,0.22784,0.00432,0.000612662,0.000612662,0.000612662
315,1559.68,0.87593,0.39885,0.00377,0.972,0.99089,0.99445,0.78696,0.77526,0.23306,0.00433,0.000611425,0.000611425,0.000611425
316,1564.63,0.88318,0.41052,0.00395,0.99074,0.98769,0.995,0.78809,0.77333,0.21217,0.00427,0.000610188,0.000610188,0.000610188
317,1569.57,0.87199,0.38966,0.00388,0.99027,0.99881,0.99485,0.79231,0.77377,0.20999,0.00424,0.00060895,0.00060895,0.00060895
318,1574.52,0.8935,0.41924,0.00397,0.99441,0.99342,0.99496,0.78768,0.77647,0.21878,0.00429,0.000607713,0.000607713,0.000607713
319,1579.46,0.87247,0.3963,0.00381,0.994,0.98826,0.99486,0.79303,0.75987,0.22993,0.00424,0.000606475,0.000606475,0.000606475
320,1584.38,0.85257,0.38069,0.00376,0.98225,0.99749,0.9947,0.78096,0.7886,0.22098,0.00444,0.000605238,0.000605238,0.000605238
321,1589.37,0.8753,0.39887,0.00381,0.97892,0.99615,0.99464,0.78677,0.78101,0.21547,0.0044,0.000604,0.000604,0.000604
322,1594.39,0.88774,0.40407,0.00391,0.98147,0.9954,0.99472,0.78107,0.78503,0.22135,0.00437,0.000602763,0.000602763,0.000602763
323,1599.4,0.89425,0.43297,0.00409,0.99289,0.99442,0.99498,0.79558,0.76286,0.20708,0.00426,0.000601525,0.000601525,0.000601525
324,1604.31,0.89073,0.42402,0.00391,0.99674,0.99343,0.99492,0.79266,0.77939,0.20292,0.00436,0.000600287,0.000600287,0.000600287
325,1609.36,0.88419,0.40231,0.00387,0.99019,0.98313,0.99472,0.79525,0.79445,0.22375,0.00447,0.00059905,0.00059905,0.00059905
326,1614.39,0.87247,0.40704,0.00395,0.98432,0.99222,0.99475,0.79363,0.76676,0.21956,0.00431,0.000597812,0.000597812,0.000597812
327,1619.4,0.87153,0.40897,0.00386,0.99567,0.99357,0.995,0.79029,0.77852,0.21017,0.00436,0.000596575,0.000596575,0.000596575
328,1624.39,0.86172,0.40062,0.00378,0.99066,0.99626,0.995,0.78815,0.7892,0.2065,0.0044,0.000595338,0.000595338,0.000595338
329,1629.41,0.85768,0.4094,0.0037,0.98855,0.98445,0.9948,0.79496,0.76662,0.21357,0.0043,0.0005941,0.0005941,0.0005941
330,1634.42,0.88157,0.40383,0.00386,0.98979,0.99171,0.99496,0.79453,0.75414,0.20655,0.0042,0.000592862,0.000592862,0.000592862
331,1639.43,0.86424,0.38949,0.00389,0.9911,0.9979,0.995,0.79747,0.77176,0.20439,0.00431,0.000591625,0.000591625,0.000591625
332,1644.43,0.87052,0.41368,0.0038,0.99587,0.99735,0.995,0.80109,0.78309,0.21722,0.00438,0.000590388,0.000590388,0.000590388
333,1649.47,0.86357,0.40611,0.00382,0.98643,0.99168,0.99494,0.78782,0.77876,0.2166,0.00433,0.00058915,0.00058915,0.00058915
334,1654.41,0.85702,0.39797,0.00377,0.99333,0.99172,0.99496,0.7907,0.77231,0.2185,0.0043,0.000587912,0.000587912,0.000587912
335,1659.4,0.87735,0.41241,0.00398,0.99303,0.98215,0.99431,0.79441,0.78102,0.22144,0.00436,0.000586675,0.000586675,0.000586675
336,1664.44,0.89848,0.44539,0.00395,0.99232,0.99429,0.995,0.79198,0.78395,0.21656,0.00435,0.000585438,0.000585438,0.000585438
337,1669.45,0.88096,0.40615,0.00384,0.98931,0.99611,0.99498,0.78874,0.79154,0.21548,0.0044,0.0005842,0.0005842,0.0005842
338,1674.47,0.85853,0.3954,0.00387,0.99086,0.99506,0.99496,0.79155,0.77554,0.21849,0.00434,0.000582962,0.000582962,0.000582962
339,1679.41,0.88963,0.43088,0.00384,0.99017,0.98675,0.99298,0.78927,0.78363,0.22368,0.0044,0.000581725,0.000581725,0.000581725
340,1684.37,0.8633,0.40314,0.00389,0.99315,0.99033,0.99488,0.78825,0.76847,0.22413,0.00433,0.000580487,0.000580487,0.000580487
341,1689.35,0.86874,0.40683,0.0038,0.99136,0.98259,0.99389,0.78933,0.76469,0.2172,0.0043,0.00057925,0.00057925,0.00057925
342,1694.3,0.84631,0.40067,0.00375,0.9907,0.99293,0.99468,0.78918,0.75972,0.23268,0.00427,0.000578013,0.000578013,0.000578013
343,1699.27,0.86428,0.40071,0.00383,0.99156,0.99477,0.995,0.78135,0.77403,0.21251,0.00434,0.000576775,0.000576775,0.000576775
344,1704.28,0.84684,0.40513,0.00363,0.97248,0.98674,0.99418,0.78833,0.76652,0.23524,0.00429,0.000575538,0.000575538,0.000575538
345,1709.27,0.87424,0.41852,0.00394,0.99417,0.99423,0.995,0.78789,0.77286,0.21439,0.00433,0.0005743,0.0005743,0.0005743
346,1714.26,0.86243,0.39474,0.00383,0.99237,0.98786,0.99484,0.79256,0.77461,0.22293,0.00433,0.000573063,0.000573063,0.000573063
347,1719.3,0.8665,0.4032,0.00382,0.98896,0.98167,0.99416,0.79499,0.77456,0.23125,0.00434,0.000571825,0.000571825,0.000571825
348,1724.32,0.83039,0.39642,0.00352,0.98524,0.99438,0.99472,0.79025,0.76711,0.21475,0.00428,0.000570587,0.000570587,0.000570587
349,1729.32,0.8481,0.39287,0.00361,0.99401,0.99175,0.99491,0.79188,0.77708,0.21955,0.00434,0.00056935,0.00056935,0.00056935
350,1734.32,0.84808,0.38966,0.0037,0.99169,0.98469,0.9949,0.78693,0.78099,0.21596,0.00439,0.000568113,0.000568113,0.000568113
351,1739.34,0.83601,0.40626,0.00368,0.98883,0.99511,0.99469,0.78794,0.79546,0.22031,0.00446,0.000566875,0.000566875,0.000566875
352,1744.35,0.84215,0.41211,0.0037,0.98645,0.992,0.99472,0.78854,0.75741,0.22077,0.00421,0.000565638,0.000565638,0.000565638
353,1749.38,0.86715,0.39585,0.00374,0.98834,0.98068,0.9942,0.7847,0.77728,0.22864,0.00433,0.0005644,0.0005644,0.0005644
354,1754.38,0.84153,0.40129,0.00373,0.97258,0.98505,0.99383,0.79208,0.76257,0.23517,0.00429,0.000563163,0.000563163,0.000563163
355,1759.45,0.84421,0.39314,0.00363,0.98389,0.98182,0.99413,0.79224,0.75822,0.21537,0.00425,0.000561925,0.000561925,0.000561925
356,1764.49,0.84453,0.38555,0.00374,0.98853,0.98856,0.99484,0.79462,0.76196,0.21941,0.0043,0.000560687,0.000560687,0.000560687
357,1769.51,0.83671,0.38169,0.00366,0.98444,0.97491,0.99423,0.79112,0.76909,0.22355,0.00431,0.00055945,0.00055945,0.00055945
358,1774.52,0.83669,0.39571,0.00372,0.98442,0.98681,0.99441,0.79678,0.78783,0.22962,0.00442,0.000558213,0.000558213,0.000558213
359,1779.48,0.83566,0.38574,0.0037,0.99486,0.99321,0.995,0.79117,0.78339,0.21073,0.00438,0.000556975,0.000556975,0.000556975
360,1784.51,0.83099,0.37943,0.00373,0.99341,0.9857,0.99441,0.78626,0.78207,0.21342,0.00438,0.000555738,0.000555738,0.000555738
361,1789.37,0.85482,0.39815,0.0038,0.99432,0.99024,0.995,0.78977,0.76824,0.2169,0.00432,0.0005545,0.0005545,0.0005545
362,1794.31,0.84018,0.40361,0.00365,0.9964,0.99408,0.99498,0.78479,0.77586,0.21296,0.00432,0.000553263,0.000553263,0.000553263
363,1799.2,0.81907,0.37619,0.0036,0.99243,0.98545,0.99432,0.7891,0.76654,0.23517,0.00426,0.000552025,0.000552025,0.000552025
364,1804.09,0.84209,0.3813,0.00372,0.9788,0.98739,0.99473,0.78096,0.77592,0.22041,0.00435,0.000550788,0.000550788,0.000550788
365,1808.98,0.83545,0.38784,0.00368,0.98477,0.99718,0.99494,0.79321,0.77278,0.20768,0.00432,0.00054955,0.00054955,0.00054955
366,1813.96,0.84684,0.38786,0.00372,0.99119,0.98921,0.99498,0.78315,0.80288,0.21436,0.00448,0.000548312,0.000548312,0.000548312
367,1818.94,0.8244,0.38742,0.00356,0.98396,0.99752,0.99493,0.78136,0.78952,0.2256,0.00445,0.000547075,0.000547075,0.000547075
368,1823.89,0.84314,0.38584,0.00371,0.99006,0.99666,0.99493,0.79513,0.76973,0.20535,0.00433,0.000545838,0.000545838,0.000545838
369,1828.83,0.83375,0.38655,0.00369,0.98708,0.98844,0.99493,0.7878,0.77477,0.21884,0.00435,0.0005446,0.0005446,0.0005446
370,1833.72,0.83695,0.38419,0.00374,0.99511,0.99092,0.99493,0.79839,0.76318,0.21394,0.00426,0.000543363,0.000543363,0.000543363
371,1838.62,0.84272,0.38232,0.00373,0.98893,0.99313,0.9949,0.7929,0.77478,0.20997,0.00434,0.000542125,0.000542125,0.000542125
372,1843.58,0.8251,0.38934,0.00372,0.99373,0.98769,0.99498,0.78832,0.79005,0.21719,0.00442,0.000540887,0.000540887,0.000540887
373,1848.52,0.83106,0.38901,0.0036,0.99082,0.99707,0.99498,0.78353,0.79199,0.2062,0.00444,0.00053965,0.00053965,0.00053965
374,1853.46,0.81609,0.37397,0.00365,0.99342,0.99252,0.995,0.78207,0.77808,0.20846,0.00437,0.000538413,0.000538413,0.000538413
375,1858.37,0.81533,0.3686,0.00367,0.98878,0.99697,0.99485,0.78535,0.77505,0.21327,0.00434,0.000537175,0.000537175,0.000537175
376,1863.28,0.84942,0.38243,0.0038,0.99209,0.98492,0.99491,0.78767,0.7822,0.21662,0.00438,0.000535937,0.000535937,0.000535937
377,1868.22,0.82348,0.37979,0.00367,0.99275,0.98759,0.995,0.78304,0.7789,0.21495,0.00441,0.0005347,0.0005347,0.0005347
378,1873.12,0.81859,0.38544,0.00359,0.99194,0.99205,0.99494,0.78677,0.77874,0.21297,0.00436,0.000533463,0.000533463,0.000533463
379,1878.05,0.81973,0.38217,0.00374,0.99169,0.99339,0.99494,0.78564,0.77347,0.22728,0.00435,0.000532225,0.000532225,0.000532225
380,1882.96,0.82854,0.39238,0.00365,0.99244,0.99355,0.99484,0.79095,0.75931,0.22413,0.00428,0.000530987,0.000530987,0.000530987
381,1887.91,0.8034,0.38374,0.00352,0.98464,0.99483,0.9947,0.78999,0.75697,0.21456,0.00421,0.00052975,0.00052975,0.00052975
382,1892.84,0.80178,0.38569,0.00354,0.99456,0.97922,0.99444,0.78815,0.75099,0.22276,0.00421,0.000528512,0.000528512,0.000528512
383,1897.8,0.83351,0.38034,0.00366,0.98462,0.99498,0.99496,0.78812,0.76632,0.21697,0.00431,0.000527275,0.000527275,0.000527275
384,1902.72,0.82782,0.37656,0.00372,0.99708,0.98581,0.99488,0.79377,0.76198,0.22035,0.00428,0.000526038,0.000526038,0.000526038
385,1907.67,0.82525,0.38564,0.00364,0.99665,0.98283,0.9947,0.79575,0.7674,0.21671,0.00427,0.0005248,0.0005248,0.0005248
386,1912.61,0.82141,0.37506,0.00363,0.99519,0.99512,0.99498,0.78495,0.80901,0.21239,0.00454,0.000523563,0.000523563,0.000523563
387,1917.56,0.80546,0.37364,0.00355,0.99111,0.98282,0.99456,0.78778,0.769,0.22078,0.00429,0.000522325,0.000522325,0.000522325
388,1922.5,0.79547,0.37202,0.00361,0.99288,0.9905,0.995,0.78555,0.77722,0.20776,0.00434,0.000521088,0.000521088,0.000521088
389,1927.49,0.82736,0.38618,0.00366,0.98999,0.99197,0.9948,0.78529,0.76879,0.22882,0.00433,0.00051985,0.00051985,0.00051985
390,1932.46,0.81444,0.38199,0.00361,0.98473,0.99329,0.99491,0.79072,0.76665,0.21699,0.00427,0.000518612,0.000518612,0.000518612
391,1937.39,0.81446,0.36764,0.00353,0.98276,0.99618,0.99441,0.79418,0.76821,0.21136,0.00429,0.000517375,0.000517375,0.000517375
392,1942.3,0.83924,0.38288,0.00378,0.99383,0.99434,0.99496,0.79584,0.75971,0.21474,0.00425,0.000516138,0.000516138,0.000516138
393,1947.22,0.80541,0.37446,0.0036,0.99365,0.9804,0.99458,0.79425,0.76909,0.22145,0.0043,0.0005149,0.0005149,0.0005149
394,1952.15,0.81125,0.37566,0.00356,0.99297,0.99353,0.995,0.78452,0.77767,0.21335,0.00436,0.000513663,0.000513663,0.000513663
395,1957.13,0.81643,0.37369,0.0036,0.98616,0.9806,0.99361,0.78618,0.76874,0.22309,0.00432,0.000512425,0.000512425,0.000512425
396,1962.1,0.80303,0.37459,0.00353,0.98836,0.98161,0.99361,0.79393,0.75874,0.21467,0.00425,0.000511188,0.000511188,0.000511188
397,1967.14,0.81145,0.38398,0.00363,0.98269,0.994,0.99465,0.79329,0.75789,0.21392,0.00425,0.00050995,0.00050995,0.00050995
398,1972.1,0.81637,0.37899,0.00357,0.98942,0.99525,0.99444,0.79182,0.76301,0.21503,0.00426,0.000508712,0.000508712,0.000508712
399,1977.07,0.82978,0.37664,0.00363,0.9785,0.99747,0.99433,0.79124,0.7636,0.22259,0.0043,0.000507475,0.000507475,0.000507475
400,1982.04,0.7985,0.38073,0.00341,0.99322,0.97978,0.99468,0.79083,0.76084,0.22291,0.0043,0.000506237,0.000506237,0.000506237
401,1986.97,0.796,0.36462,0.00357,0.98397,0.99824,0.99472,0.78583,0.76029,0.22774,0.00429,0.000505,0.000505,0.000505
402,1991.97,0.81465,0.36909,0.00375,0.99235,0.98503,0.9949,0.78661,0.78729,0.21482,0.00442,0.000503763,0.000503763,0.000503763
403,1996.93,0.79872,0.37972,0.00357,0.99053,0.9976,0.99485,0.78855,0.77844,0.22022,0.00437,0.000502525,0.000502525,0.000502525
404,2001.89,0.79202,0.37243,0.00345,0.99105,0.99924,0.99497,0.79628,0.76146,0.20479,0.00428,0.000501287,0.000501287,0.000501287
405,2006.86,0.80592,0.3762,0.00356,0.99394,0.99218,0.995,0.79872,0.76147,0.21058,0.00431,0.00050005,0.00050005,0.00050005
406,2011.83,0.81371,0.39722,0.00358,0.99481,0.97913,0.99469,0.78494,0.77899,0.2159,0.00439,0.000498813,0.000498813,0.000498813
407,2016.72,0.79168,0.37197,0.00346,0.98022,0.99262,0.99441,0.78609,0.76444,0.21647,0.00433,0.000497575,0.000497575,0.000497575
408,2021.64,0.78222,0.38295,0.0035,0.9793,0.99627,0.99447,0.78873,0.78825,0.22947,0.00444,0.000496337,0.000496337,0.000496337
409,2026.75,0.77684,0.35768,0.00344,0.97067,0.99621,0.9949,0.79081,0.77186,0.22719,0.00435,0.0004951,0.0004951,0.0004951
410,2031.71,0.81583,0.38997,0.00358,0.99046,0.99867,0.995,0.79368,0.76053,0.22471,0.00428,0.000493863,0.000493863,0.000493863
411,2036.68,0.80661,0.37906,0.00353,0.97528,0.99595,0.99487,0.78855,0.77465,0.22385,0.00435,0.000492625,0.000492625,0.000492625
412,2041.64,0.8012,0.37072,0.00353,0.98968,0.99465,0.99493,0.78964,0.76737,0.21319,0.0043,0.000491387,0.000491387,0.000491387
413,2046.61,0.78474,0.37128,0.00347,0.99173,0.99549,0.995,0.79744,0.76696,0.21558,0.0043,0.00049015,0.00049015,0.00049015
414,2051.55,0.76093,0.35715,0.00337,0.98963,0.99568,0.99491,0.79838,0.76862,0.21024,0.00433,0.000488913,0.000488913,0.000488913
415,2056.5,0.77102,0.36841,0.00335,0.99653,0.9905,0.99492,0.79854,0.77812,0.21605,0.00437,0.000487675,0.000487675,0.000487675
416,2061.43,0.79575,0.37234,0.00357,0.99659,0.99501,0.99498,0.78707,0.77712,0.20526,0.00437,0.000486437,0.000486437,0.000486437
417,2066.39,0.80921,0.37713,0.00351,0.99187,0.98582,0.99491,0.78736,0.78249,0.21475,0.0044,0.0004852,0.0004852,0.0004852
418,2071.31,0.78045,0.36406,0.00349,0.98536,0.99751,0.995,0.79058,0.77482,0.20866,0.00433,0.000483963,0.000483963,0.000483963
419,2076.18,0.7668,0.37948,0.0034,0.98946,0.9889,0.99492,0.78403,0.77185,0.21836,0.00435,0.000482725,0.000482725,0.000482725
420,2081.08,0.77624,0.37171,0.00346,0.99294,0.98976,0.995,0.78289,0.77554,0.22213,0.00435,0.000481487,0.000481487,0.000481487
421,2085.99,0.7875,0.37074,0.00348,0.99394,0.9913,0.99457,0.79753,0.76675,0.22214,0.0043,0.00048025,0.00048025,0.00048025
422,2090.94,0.78584,0.37994,0.00335,0.98337,0.98948,0.99473,0.78749,0.78146,0.22511,0.00439,0.000479013,0.000479013,0.000479013
423,2095.87,0.78788,0.35904,0.00343,0.98893,0.99122,0.99494,0.7887,0.77654,0.21635,0.00433,0.000477775,0.000477775,0.000477775
424,2100.82,0.79325,0.38646,0.00344,0.99224,0.97844,0.99441,0.7853,0.78359,0.23483,0.00441,0.000476537,0.000476537,0.000476537
425,2105.77,0.78739,0.37058,0.00355,0.98674,0.98963,0.995,0.78308,0.7882,0.22453,0.00444,0.0004753,0.0004753,0.0004753
426,2110.7,0.77447,0.36747,0.00344,0.99587,0.98688,0.995,0.78657,0.7831,0.22201,0.00439,0.000474062,0.000474062,0.000474062
427,2115.73,0.76663,0.353,0.0034,0.99484,0.99562,0.99497,0.78742,0.7755,0.20953,0.00434,0.000472825,0.000472825,0.000472825
428,2120.79,0.78267,0.37006,0.00348,0.97965,0.9944,0.99378,0.78833,0.78068,0.22345,0.00436,0.000471588,0.000471588,0.000471588
429,2125.87,0.7882,0.3671,0.00356,0.99813,0.9879,0.995,0.78489,0.78368,0.22312,0.00439,0.00047035,0.00047035,0.00047035
430,2130.95,0.7809,0.36221,0.00334,0.99447,0.98923,0.9949,0.78369,0.7816,0.24282,0.0044,0.000469112,0.000469112,0.000469112
431,2136.04,0.78651,0.36278,0.00345,0.99408,0.98832,0.995,0.79159,0.77521,0.23652,0.00437,0.000467875,0.000467875,0.000467875
432,2141.06,0.7712,0.35999,0.00341,0.99315,0.99259,0.99491,0.7922,0.76684,0.21504,0.00434,0.000466638,0.000466638,0.000466638
